{"cameraMode":{"drawMode":0,"name":"Shaded","section":"Shading Mode"},"sceneLighting":true,"audioPlay":false,"sceneViewState":{"showFog":true,"showMaterialUpdate":false,"showSkybox":true,"showFlares":true,"showImageEffects":true,"showParticleSystems":true},"in2DMode":false,"pivot":{"x":594.1932983398438,"y":488.4489440917969,"z":-1061.5484619140625},"rotation":{"x":0.04257803037762642,"y":0.008991394191980362,"z":-0.0003825261374004185,"w":0.9990526437759399},"size":1077.951416015625,"orthographic":true}