{"cameraMode":{"drawMode":0,"name":"Shaded","section":"Shading Mode"},"sceneLighting":true,"audioPlay":false,"sceneViewState":{"showFog":true,"showMaterialUpdate":false,"showSkybox":true,"showFlares":true,"showImageEffects":true,"showParticleSystems":true},"in2DMode":false,"pivot":{"x":560.90087890625,"y":493.3546142578125,"z":-1061.32177734375},"rotation":{"x":0.03953082859516144,"y":0.05093761533498764,"z":-0.002017144113779068,"w":0.9979171752929688},"size":1390.311767578125,"orthographic":true}