{"cameraMode":{"drawMode":0,"name":"Shaded","section":"Shading Mode"},"sceneLighting":true,"audioPlay":false,"sceneViewState":{"showFog":true,"showMaterialUpdate":false,"showSkybox":true,"showFlares":true,"showImageEffects":true,"showParticleSystems":true},"in2DMode":false,"pivot":{"x":0.25218719244003298,"y":0.31151604652404787,"z":-0.08157160878181458},"rotation":{"x":0.5484357476234436,"y":-0.21589261293411256,"z":-0.14913307130336762,"w":-0.7939571738243103},"size":1.5642600059509278,"orthographic":true}